{"cameraMode":{"drawMode":0,"name":"Shaded","section":"Shading Mode"},"sceneLighting":true,"audioPlay":false,"sceneViewState":{"showFog":true,"showMaterialUpdate":true,"showSkybox":true,"showFlares":true,"showImageEffects":true,"showParticleSystems":true},"in2DMode":false,"pivot":{"x":-1.0040290355682374,"y":0.6387882232666016,"z":0.16174636781215669},"rotation":{"x":-0.22978746891021729,"y":0.6803284287452698,"z":-0.2388654500246048,"w":-0.6538119912147522},"size":4.7249884605407719,"orthographic":false}