{"cameraMode":{"drawMode":0,"name":"Shaded","section":"Shading Mode"},"sceneLighting":true,"audioPlay":false,"sceneViewState":{"showFog":true,"showMaterialUpdate":true,"showSkybox":true,"showFlares":true,"showImageEffects":true,"showParticleSystems":true},"in2DMode":false,"pivot":{"x":2.1469643115997316,"y":-0.49555540084838869,"z":0.9182629585266113},"rotation":{"x":-0.19177795946598054,"y":-0.4265543520450592,"z":0.09307394176721573,"w":-0.8790324926376343},"size":5.1401848793029789,"orthographic":false}