{"cameraMode":{"drawMode":0,"name":"Shaded","section":"Shading Mode"},"sceneLighting":true,"audioPlay":false,"sceneViewState":{"showFog":true,"showMaterialUpdate":true,"showSkybox":true,"showFlares":true,"showImageEffects":true,"showParticleSystems":true},"in2DMode":false,"pivot":{"x":2.374880313873291,"y":3.265467643737793,"z":-1.6570215225219727},"rotation":{"x":0.2933805584907532,"y":-0.023083839565515519,"z":0.006839895620942116,"w":0.955812394618988},"size":5.004764080047607,"orthographic":false}