{"cameraMode":{"drawMode":0,"name":"Shaded","section":"Shading Mode"},"sceneLighting":true,"audioPlay":false,"sceneViewState":{"showFog":true,"showMaterialUpdate":true,"showSkybox":true,"showFlares":true,"showImageEffects":true,"showParticleSystems":true},"in2DMode":false,"pivot":{"x":-5.023028373718262,"y":-12.268880844116211,"z":10.005986213684082},"rotation":{"x":0.3962058126926422,"y":-0.18411944806575776,"z":0.0811665803194046,"w":0.895969808101654},"size":22.0,"orthographic":false}