{"cameraMode":{"drawMode":0,"name":"Shaded","section":"Shading Mode"},"sceneLighting":true,"audioPlay":false,"sceneViewState":{"showFog":true,"showMaterialUpdate":true,"showSkybox":true,"showFlares":true,"showImageEffects":true,"showParticleSystems":true},"in2DMode":false,"pivot":{"x":1.0497384071350098,"y":-0.2939577102661133,"z":-0.4042603671550751},"rotation":{"x":0.3068743348121643,"y":0.6272528171539307,"z":-0.295182466506958,"w":0.6522279977798462},"size":6.641427516937256,"orthographic":false}