{"cameraMode":{"drawMode":0,"name":"Shaded","section":"Shading Mode"},"sceneLighting":false,"audioPlay":false,"sceneViewState":{"showFog":true,"showMaterialUpdate":true,"showSkybox":false,"showFlares":true,"showImageEffects":true,"showParticleSystems":true},"in2DMode":false,"pivot":{"x":-0.000036500394344329834,"y":0.0037185028195381166,"z":0.009394500404596329},"rotation":{"x":0.08494587987661362,"y":-0.37474972009658816,"z":0.03449635207653046,"w":0.9226176142692566},"size":3.2286994457244875,"orthographic":false}