{"cameraMode":{"drawMode":0,"name":"Shaded","section":"Shading Mode"},"sceneLighting":true,"audioPlay":false,"sceneViewState":{"showFog":true,"showMaterialUpdate":true,"showSkybox":true,"showFlares":true,"showImageEffects":true,"showParticleSystems":true},"in2DMode":false,"pivot":{"x":-0.000036500394344329834,"y":0.0037185028195381166,"z":0.009394500404596329},"rotation":{"x":-0.43203654885292055,"y":0.5630960464477539,"z":-0.44538065791130068,"w":-0.5459676384925842},"size":0.22869977355003358,"orthographic":false}