{"cameraMode":{"drawMode":0,"name":"Shaded","section":"Shading Mode"},"sceneLighting":true,"audioPlay":false,"sceneViewState":{"showFog":true,"showMaterialUpdate":true,"showSkybox":true,"showFlares":true,"showImageEffects":true,"showParticleSystems":true},"in2DMode":false,"pivot":{"x":0.4624086022377014,"y":-0.6203079223632813,"z":0.05813046917319298},"rotation":{"x":-0.443541020154953,"y":-0.06454956531524658,"z":0.03229450061917305,"w":-0.8934488296508789},"size":4.6738810539245609,"orthographic":false}