{"cameraMode":{"drawMode":0,"name":"Shaded","section":"Shading Mode"},"sceneLighting":true,"audioPlay":false,"sceneViewState":{"showFog":true,"showMaterialUpdate":true,"showSkybox":true,"showFlares":true,"showImageEffects":true,"showParticleSystems":true},"in2DMode":false,"pivot":{"x":2.3802433013916017,"y":0.7039966583251953,"z":-0.8462978601455689},"rotation":{"x":-0.19177795946598054,"y":-0.4265543520450592,"z":0.09307394176721573,"w":-0.8790324926376343},"size":4.76910400390625,"orthographic":false}