{"cameraMode":{"drawMode":0,"name":"Shaded","section":"Shading Mode"},"sceneLighting":true,"audioPlay":false,"sceneViewState":{"showFog":true,"showMaterialUpdate":true,"showSkybox":true,"showFlares":true,"showImageEffects":true,"showParticleSystems":true},"in2DMode":false,"pivot":{"x":0.01857125759124756,"y":1.2123063802719117,"z":-0.4268767833709717},"rotation":{"x":0.015943868085741998,"y":0.9607093334197998,"z":-0.056575655937194827,"w":0.2715078592300415},"size":2.7629404067993166,"orthographic":false}