{"cameraMode":{"drawMode":0,"name":"Shaded","section":"Shading Mode"},"sceneLighting":true,"audioPlay":false,"sceneViewState":{"showFog":true,"showMaterialUpdate":true,"showSkybox":true,"showFlares":true,"showImageEffects":true,"showParticleSystems":true},"in2DMode":false,"pivot":{"x":0.49349915981292727,"y":-1.378753900527954,"z":-1.2043418884277344},"rotation":{"x":-0.09107819199562073,"y":-0.8809412717819214,"z":0.42425358295440676,"w":-0.18916144967079163},"size":4.587735652923584,"orthographic":false}