{"cameraMode":{"drawMode":0,"name":"Shaded","section":"Shading Mode"},"sceneLighting":false,"audioPlay":false,"sceneViewState":{"showFog":true,"showMaterialUpdate":false,"showSkybox":false,"showFlares":true,"showImageEffects":true,"showParticleSystems":true},"in2DMode":false,"pivot":{"x":0.3799999952316284,"y":-0.6299999952316284,"z":-0.027000000700354577},"rotation":{"x":0.31661689281463625,"y":-0.5989237427711487,"z":0.2785344421863556,"w":0.680799663066864},"size":2.292687177658081,"orthographic":false}