{"cameraMode":{"drawMode":0,"name":"Shaded","section":"Shading Mode"},"sceneLighting":true,"audioPlay":false,"sceneViewState":{"showFog":true,"showMaterialUpdate":false,"showSkybox":true,"showFlares":true,"showImageEffects":true,"showParticleSystems":true},"in2DMode":false,"pivot":{"x":1.9711453914642335,"y":0.0,"z":-0.5108556151390076},"rotation":{"x":0.5061419010162354,"y":-0.3241843283176422,"z":0.21260924637317658,"w":0.7704803943634033},"size":5.718049049377441,"orthographic":false}