{"cameraMode":{"drawMode":0,"name":"Shaded","section":"Shading Mode"},"sceneLighting":true,"audioPlay":false,"sceneViewState":{"showFog":true,"showMaterialUpdate":false,"showSkybox":true,"showFlares":true,"showImageEffects":true,"showParticleSystems":true},"in2DMode":false,"pivot":{"x":1.0108253955841065,"y":0.7292464375495911,"z":0.7287075519561768},"rotation":{"x":0.0759401023387909,"y":0.18615484237670899,"z":0.014529473148286343,"w":-0.9795100092887878},"size":3.4823384284973146,"orthographic":false}