{"cameraMode":{"drawMode":0,"name":"Shaded","section":"Shading Mode"},"sceneLighting":true,"audioPlay":false,"sceneViewState":{"showFog":true,"showMaterialUpdate":false,"showSkybox":false,"showFlares":true,"showImageEffects":true,"showParticleSystems":true},"in2DMode":false,"pivot":{"x":0.6498285531997681,"y":2.5531516075134279,"z":0.5206370949745178},"rotation":{"x":0.6329894065856934,"y":-0.3343121111392975,"z":0.3503408432006836,"w":0.6040238738059998},"size":6.0452351570129398,"orthographic":false}