{"cameraMode":{"drawMode":0,"name":"Shaded","section":"Shading Mode"},"sceneLighting":false,"audioPlay":false,"sceneViewState":{"showFog":true,"showMaterialUpdate":false,"showSkybox":false,"showFlares":true,"showImageEffects":true,"showParticleSystems":true},"in2DMode":false,"pivot":{"x":-0.000036500394344329834,"y":0.4817184805870056,"z":-0.7686054706573486},"rotation":{"x":0.3188447952270508,"y":-0.6541199088096619,"z":0.3546627461910248,"w":0.5871973633766174},"size":1.128699779510498,"orthographic":false}