{"cameraMode":{"drawMode":0,"name":"Shaded","section":"Shading Mode"},"sceneLighting":true,"audioPlay":false,"sceneViewState":{"showFog":true,"showMaterialUpdate":false,"showSkybox":true,"showFlares":true,"showImageEffects":true,"showParticleSystems":true},"in2DMode":false,"pivot":{"x":0.31688469648361208,"y":1.9173157215118409,"z":0.27409982681274416},"rotation":{"x":-0.3385954201221466,"y":0.031363341957330707,"z":-0.011222831904888153,"w":-0.9403821229934692},"size":3.1609771251678469,"orthographic":false}