{"cameraMode":{"drawMode":0,"name":"Shaded","section":"Shading Mode"},"sceneLighting":true,"audioPlay":false,"sceneViewState":{"showFog":true,"showMaterialUpdate":false,"showSkybox":true,"showFlares":true,"showImageEffects":true,"showParticleSystems":true},"in2DMode":false,"pivot":{"x":0.5692139863967896,"y":1.0032989978790284,"z":1.2801573276519776},"rotation":{"x":-0.19097881019115449,"y":0.03916902467608452,"z":-0.0076116109266877178,"w":-0.9808063507080078},"size":2.7886250019073488,"orthographic":false}