{"cameraMode":{"drawMode":0,"name":"Shaded","section":"Shading Mode"},"sceneLighting":true,"audioPlay":false,"sceneViewState":{"showFog":true,"showMaterialUpdate":false,"showSkybox":true,"showFlares":true,"showImageEffects":true,"showParticleSystems":true},"in2DMode":false,"pivot":{"x":-1.0793952941894532,"y":-2.486250638961792,"z":-0.5365478992462158},"rotation":{"x":0.14591141045093537,"y":-0.8538281917572022,"z":0.33811327815055849,"w":0.36807185411453249},"size":4.343293190002441,"orthographic":false}