{"cameraMode":{"drawMode":0,"name":"Shaded","section":"Shading Mode"},"sceneLighting":false,"audioPlay":false,"sceneViewState":{"showFog":true,"showMaterialUpdate":false,"showSkybox":false,"showFlares":true,"showImageEffects":true,"showParticleSystems":true},"in2DMode":false,"pivot":{"x":-0.000036500394344329834,"y":0.0037185028195381166,"z":0.009394500404596329},"rotation":{"x":-0.37123438715934756,"y":0.13470831513404847,"z":-0.054477591067552569,"w":-0.9171416759490967},"size":0.22869977355003358,"orthographic":false}