{"cameraMode":{"drawMode":0,"name":"Shaded","section":"Shading Mode"},"sceneLighting":true,"audioPlay":false,"sceneViewState":{"showFog":true,"showMaterialUpdate":false,"showSkybox":true,"showFlares":true,"showImageEffects":true,"showParticleSystems":true},"in2DMode":false,"pivot":{"x":0.737850546836853,"y":0.9659799337387085,"z":-0.04311190918087959},"rotation":{"x":0.5267179012298584,"y":-0.13829514384269715,"z":0.08696647733449936,"w":0.8342662453651428},"size":0.9312130212783814,"orthographic":false}