{"cameraMode":{"drawMode":0,"name":"Shaded","section":"Shading Mode"},"sceneLighting":true,"audioPlay":false,"sceneViewState":{"showFog":true,"showMaterialUpdate":false,"showSkybox":true,"showFlares":true,"showImageEffects":true,"showParticleSystems":true},"in2DMode":false,"pivot":{"x":-3.2645585536956789,"y":-3.4855098724365236,"z":-0.05921037122607231},"rotation":{"x":0.25756505131721499,"y":-0.7283647656440735,"z":0.3575268089771271,"w":0.5247238278388977},"size":8.220667839050293,"orthographic":false}