{"cameraMode":{"drawMode":0,"name":"Shaded","section":"Shading Mode"},"sceneLighting":true,"audioPlay":false,"sceneViewState":{"showFog":true,"showMaterialUpdate":false,"showSkybox":true,"showFlares":true,"showImageEffects":true,"showParticleSystems":true},"in2DMode":false,"pivot":{"x":11.641375541687012,"y":-2.212433338165283,"z":-5.184999465942383},"rotation":{"x":0.06989292800426483,"y":0.8622670769691467,"z":-0.12398210167884827,"w":0.48605847358703616},"size":15.529693603515625,"orthographic":false}