{"cameraMode":{"drawMode":0,"name":"Shaded","section":"Shading Mode"},"sceneLighting":true,"audioPlay":false,"sceneViewState":{"showFog":true,"showMaterialUpdate":false,"showSkybox":true,"showFlares":true,"showImageEffects":true,"showParticleSystems":true},"in2DMode":false,"pivot":{"x":-0.1636086106300354,"y":0.5863885879516602,"z":-0.5087457299232483},"rotation":{"x":0.24493475258350373,"y":0.7419815063476563,"z":-0.353224515914917,"w":0.5145066976547241},"size":8.220667839050293,"orthographic":false}