{"cameraMode":{"drawMode":0,"name":"Shaded","section":"Shading Mode"},"sceneLighting":true,"audioPlay":false,"sceneViewState":{"showFog":true,"showMaterialUpdate":false,"showSkybox":true,"showFlares":true,"showImageEffects":true,"showParticleSystems":true},"in2DMode":false,"pivot":{"x":-0.7606120109558106,"y":0.859595775604248,"z":-1.1850547790527344},"rotation":{"x":-0.10839778184890747,"y":-0.8754428625106812,"z":0.23131133615970612,"w":-0.410336434841156},"size":4.698518753051758,"orthographic":false}