{"cameraMode":{"drawMode":0,"name":"Shaded","section":"Shading Mode"},"sceneLighting":true,"audioPlay":false,"sceneViewState":{"showFog":true,"showMaterialUpdate":false,"showSkybox":true,"showFlares":true,"showImageEffects":true,"showParticleSystems":true},"in2DMode":false,"pivot":{"x":-0.3571281433105469,"y":-3.099882125854492,"z":3.1173553466796877},"rotation":{"x":-0.35281088948249819,"y":0.6178339123725891,"z":-0.3618480861186981,"w":-0.6024259924888611},"size":22.0,"orthographic":false}