{"cameraMode":{"drawMode":0,"name":"Shaded","section":"Shading Mode"},"sceneLighting":true,"audioPlay":false,"sceneViewState":{"showFog":true,"showMaterialUpdate":false,"showSkybox":true,"showFlares":true,"showImageEffects":true,"showParticleSystems":true},"in2DMode":false,"pivot":{"x":0.4608839750289917,"y":-2.835827350616455,"z":-3.1485302448272707},"rotation":{"x":-0.04056571051478386,"y":-0.8995092511177063,"z":0.4265632927417755,"w":-0.08555527776479721},"size":8.653002738952637,"orthographic":false}