{"cameraMode":{"drawMode":0,"name":"Shaded","section":"Shading Mode"},"sceneLighting":true,"audioPlay":false,"sceneViewState":{"showFog":true,"showMaterialUpdate":false,"showSkybox":true,"showFlares":true,"showImageEffects":true,"showParticleSystems":true},"in2DMode":false,"pivot":{"x":0.07859324663877487,"y":1.5084112882614136,"z":0.24738332629203797},"rotation":{"x":-0.016346801072359086,"y":0.9811730980873108,"z":-0.16671906411647798,"w":-0.09625460207462311},"size":0.1308806985616684,"orthographic":false}