{"cameraMode":{"drawMode":0,"name":"Shaded","section":"Shading Mode"},"sceneLighting":true,"audioPlay":false,"sceneViewState":{"showFog":true,"showMaterialUpdate":false,"showSkybox":true,"showFlares":true,"showImageEffects":true,"showParticleSystems":true},"in2DMode":false,"pivot":{"x":-0.000036500394344329834,"y":0.0037185028195381166,"z":0.009394500404596329},"rotation":{"x":0.011410378850996495,"y":-0.9762192964553833,"z":0.20992136001586915,"w":0.05305519700050354},"size":2.0286996364593508,"orthographic":false}