{"cameraMode":{"drawMode":0,"name":"Shaded","section":"Shading Mode"},"sceneLighting":true,"audioPlay":false,"sceneViewState":{"showFog":true,"showMaterialUpdate":false,"showSkybox":true,"showFlares":true,"showImageEffects":true,"showParticleSystems":true},"in2DMode":false,"pivot":{"x":6.783276081085205,"y":-2.6821370124816896,"z":-2.297811985015869},"rotation":{"x":-0.13929156959056855,"y":-0.7939350605010986,"z":0.19835245609283448,"w":-0.5576310753822327},"size":11.088053703308106,"orthographic":false}