{"cameraMode":{"drawMode":0,"name":"Shaded","section":"Shading Mode"},"sceneLighting":false,"audioPlay":false,"sceneViewState":{"showFog":true,"showMaterialUpdate":false,"showSkybox":false,"showFlares":true,"showImageEffects":true,"showParticleSystems":true},"in2DMode":false,"pivot":{"x":2.071857452392578,"y":-11.301715850830079,"z":-16.469791412353517},"rotation":{"x":0.02413952350616455,"y":0.9504286050796509,"z":-0.30058541893959048,"w":0.07630270719528198},"size":21.70996856689453,"orthographic":false}