{"cameraMode":{"drawMode":0,"name":"Shaded","section":"Shading Mode"},"sceneLighting":false,"audioPlay":false,"sceneViewState":{"showFog":true,"showMaterialUpdate":false,"showSkybox":false,"showFlares":true,"showImageEffects":true,"showParticleSystems":true},"in2DMode":false,"pivot":{"x":-0.3772555887699127,"y":0.051939044147729877,"z":-0.5169824361801148},"rotation":{"x":-0.1197652518749237,"y":0.8774697184562683,"z":-0.2891390323638916,"w":-0.36346006393432619},"size":1.4652674198150635,"orthographic":false}