{"cameraMode":{"drawMode":0,"name":"Shaded","section":"Shading Mode"},"sceneLighting":false,"audioPlay":false,"sceneViewState":{"showFog":true,"showMaterialUpdate":false,"showSkybox":false,"showFlares":true,"showImageEffects":true,"showParticleSystems":true},"in2DMode":false,"pivot":{"x":5.868821144104004,"y":-2.9168813228607179,"z":-3.578343391418457},"rotation":{"x":-0.07028477638959885,"y":-0.8870354294776917,"z":0.14387056231498719,"w":-0.4330947995185852},"size":14.64277172088623,"orthographic":false}