{"cameraMode":{"drawMode":0,"name":"Shaded","section":"Shading Mode"},"sceneLighting":false,"audioPlay":false,"sceneViewState":{"showFog":true,"showMaterialUpdate":false,"showSkybox":false,"showFlares":true,"showImageEffects":true,"showParticleSystems":true},"in2DMode":false,"pivot":{"x":-3.8931009769439699,"y":1.163381814956665,"z":1.5152883529663087},"rotation":{"x":0.03462944179773331,"y":0.5065078139305115,"z":0.020377663895487787,"w":-0.861318051815033},"size":6.037098407745361,"orthographic":false}