{"cameraMode":{"drawMode":0,"name":"Shaded","section":"Shading Mode"},"sceneLighting":false,"audioPlay":false,"sceneViewState":{"showFog":true,"showMaterialUpdate":false,"showSkybox":false,"showFlares":true,"showImageEffects":true,"showParticleSystems":true},"in2DMode":false,"pivot":{"x":0.08545875549316406,"y":0.5742080807685852,"z":-0.03303837776184082},"rotation":{"x":-0.0020956075750291349,"y":0.9744992852210999,"z":-0.009070745669305325,"w":-0.22427070140838624},"size":4.5166826248168949,"orthographic":false}