{"cameraMode":{"drawMode":0,"name":"Shaded","section":"Shading Mode"},"sceneLighting":false,"audioPlay":false,"sceneViewState":{"showFog":true,"showMaterialUpdate":false,"showSkybox":false,"showFlares":true,"showImageEffects":true,"showParticleSystems":true},"in2DMode":false,"pivot":{"x":-0.0000037550926208496095,"y":0.8895005583763123,"z":0.02199244499206543},"rotation":{"x":-0.003387905191630125,"y":-0.9925788044929504,"z":0.11848468333482743,"w":-0.02800116501748562},"size":2.8411026000976564,"orthographic":false}